http://bnb.data.bl.uk/id/concept/ddc/e22/741.5,RT,http://bnb.data.bl.uk/id/concept/ddc/e23/813.6
http://bnb.data.bl.uk/id/concept/ddc/e23/813.6,RT,http://bnb.data.bl.uk/id/concept/ddc/e22/741.5
http://bnb.data.bl.uk/id/concept/ddc/e22/741.5,RT,http://bnb.data.bl.uk/id/concept/ddc/e22/813.6
http://bnb.data.bl.uk/id/concept/ddc/e22/813.6,RT,http://bnb.data.bl.uk/id/concept/ddc/e22/741.5
http://bnb.data.bl.uk/id/concept/ddc/e22/741.5,RT,http://bnb.data.bl.uk/id/concept/ddc/e22/811.6
http://bnb.data.bl.uk/id/concept/ddc/e22/811.6,RT,http://bnb.data.bl.uk/id/concept/ddc/e22/741.5
http://bnb.data.bl.uk/id/concept/ddc/e22/741.5,RT,http://bnb.data.bl.uk/id/concept/ddc/e23/598.0207
http://bnb.data.bl.uk/id/concept/ddc/e23/598.0207,RT,http://bnb.data.bl.uk/id/concept/ddc/e22/741.5
http://bnb.data.bl.uk/id/concept/ddc/e22/741.5,RT,http://bnb.data.bl.uk/id/concept/ddc/e23/741.5
http://bnb.data.bl.uk/id/concept/ddc/e23/741.5,RT,http://bnb.data.bl.uk/id/concept/ddc/e22/741.5
http://bnb.data.bl.uk/id/concept/ddc/e22/741.5,RT,http://bnb.data.bl.uk/id/concept/ddc/e23/811.6
http://bnb.data.bl.uk/id/concept/ddc/e23/811.6,RT,http://bnb.data.bl.uk/id/concept/ddc/e22/741.5
http://bnb.data.bl.uk/id/concept/ddc/e21/344.73014133,RT,http://bnb.data.bl.uk/id/concept/ddc/e23/302.542
http://bnb.data.bl.uk/id/concept/ddc/e23/302.542,RT,http://bnb.data.bl.uk/id/concept/ddc/e21/344.73014133
http://bnb.data.bl.uk/id/concept/ddc/e21/344.73014133,RT,http://bnb.data.bl.uk/id/concept/ddc/e23/306.76
http://bnb.data.bl.uk/id/concept/ddc/e23/306.76,RT,http://bnb.data.bl.uk/id/concept/ddc/e21/344.73014133
http://bnb.data.bl.uk/id/concept/ddc/e21/344.73014133,RT,http://bnb.data.bl.uk/id/concept/ddc/e23/616.398
http://bnb.data.bl.uk/id/concept/ddc/e23/616.398,RT,http://bnb.data.bl.uk/id/concept/ddc/e21/344.73014133
http://bnb.data.bl.uk/id/concept/ddc/e23/384.850973,RT,http://bnb.data.bl.uk/id/concept/ddc/e23/823.809
http://bnb.data.bl.uk/id/concept/ddc/e23/823.809,RT,http://bnb.data.bl.uk/id/concept/ddc/e23/384.850973
http://bnb.data.bl.uk/id/concept/ddc/e23/338.47363728,RT,http://bnb.data.bl.uk/id/concept/ddc/e23/338.5
http://bnb.data.bl.uk/id/concept/ddc/e23/338.5,RT,http://bnb.data.bl.uk/id/concept/ddc/e23/338.47363728
http://bnb.data.bl.uk/id/concept/ddc/e23/338.47363728,RT,http://bnb.data.bl.uk/id/concept/ddc/e23/381.19
http://bnb.data.bl.uk/id/concept/ddc/e23/381.19,RT,http://bnb.data.bl.uk/id/concept/ddc/e23/338.47363728
http://bnb.data.bl.uk/id/concept/ddc/e21/796.3340942176,RT,http://bnb.data.bl.uk/id/concept/ddc/e21/796.334
http://bnb.data.bl.uk/id/concept/ddc/e21/796.334,RT,http://bnb.data.bl.uk/id/concept/ddc/e21/796.3340942176
http://bnb.data.bl.uk/id/concept/ddc/e21/796.3340942176,RT,http://bnb.data.bl.uk/id/concept/ddc/e21/796.3340922417
http://bnb.data.bl.uk/id/concept/ddc/e21/796.3340922417,RT,http://bnb.data.bl.uk/id/concept/ddc/e21/796.3340942176
http://bnb.data.bl.uk/id/concept/ddc/e21/796.3340942176,RT,http://bnb.data.bl.uk/id/concept/ddc/e22/793.2
http://bnb.data.bl.uk/id/concept/ddc/e22/793.2,RT,http://bnb.data.bl.uk/id/concept/ddc/e21/796.3340942176
http://bnb.data.bl.uk/id/concept/ddc/e21/796.3340942176,RT,http://bnb.data.bl.uk/id/concept/ddc/e22/795.4
http://bnb.data.bl.uk/id/concept/ddc/e22/795.4,RT,http://bnb.data.bl.uk/id/concept/ddc/e21/796.3340942176
http://bnb.data.bl.uk/id/concept/ddc/e21/796.3340942176,RT,http://bnb.data.bl.uk/id/concept/ddc/e22/796.33402
http://bnb.data.bl.uk/id/concept/ddc/e22/796.33402,RT,http://bnb.data.bl.uk/id/concept/ddc/e21/796.3340942176
http://bnb.data.bl.uk/id/concept/ddc/e21/796.3340942176,RT,http://bnb.data.bl.uk/id/concept/ddc/e22/796.334077083
http://bnb.data.bl.uk/id/concept/ddc/e22/796.334077083,RT,http://bnb.data.bl.uk/id/concept/ddc/e21/796.3340942176
http://bnb.data.bl.uk/id/concept/ddc/e21/796.3340942176,RT,http://bnb.data.bl.uk/id/concept/ddc/e22/796.3340942176
http://bnb.data.bl.uk/id/concept/ddc/e22/796.3340942176,RT,http://bnb.data.bl.uk/id/concept/ddc/e21/796.3340942176
http://bnb.data.bl.uk/id/concept/ddc/e21/796.3340942176,RT,http://bnb.data.bl.uk/id/concept/ddc/e22/796.334630942143
http://bnb.data.bl.uk/id/concept/ddc/e22/796.334630942143,RT,http://bnb.data.bl.uk/id/concept/ddc/e21/796.3340942176
http://bnb.data.bl.uk/id/concept/ddc/e21/796.3340942176,RT,http://bnb.data.bl.uk/id/concept/ddc/e22/919.4047
http://bnb.data.bl.uk/id/concept/ddc/e22/919.4047,RT,http://bnb.data.bl.uk/id/concept/ddc/e21/796.3340942176
http://bnb.data.bl.uk/id/concept/ddc/e22/508.72860222,RT,http://bnb.data.bl.uk/id/concept/ddc/e23/972.86
http://bnb.data.bl.uk/id/concept/ddc/e23/972.86,RT,http://bnb.data.bl.uk/id/concept/ddc/e22/508.72860222
http://bnb.data.bl.uk/id/concept/ddc/e22/869.35,RT,http://bnb.data.bl.uk/id/concept/ddc/e23/863.7
http://bnb.data.bl.uk/id/concept/ddc/e23/863.7,RT,http://bnb.data.bl.uk/id/concept/ddc/e22/869.35
http://bnb.data.bl.uk/id/concept/ddc/e22/869.35,RT,http://bnb.data.bl.uk/id/concept/ddc/e23/869.342
http://bnb.data.bl.uk/id/concept/ddc/e23/869.342,RT,http://bnb.data.bl.uk/id/concept/ddc/e22/869.35
http://bnb.data.bl.uk/id/concept/ddc/e22/741.5952,RT,http://bnb.data.bl.uk/id/concept/ddc/e22/895.636
http://bnb.data.bl.uk/id/concept/ddc/e22/895.636,RT,http://bnb.data.bl.uk/id/concept/ddc/e22/741.5952
http://bnb.data.bl.uk/id/concept/ddc/e22/325.73,RT,http://bnb.data.bl.uk/id/concept/ddc/e22/330.94108
http://bnb.data.bl.uk/id/concept/ddc/e22/330.94108,RT,http://bnb.data.bl.uk/id/concept/ddc/e22/325.73
http://bnb.data.bl.uk/id/concept/ddc/e22/325.73,RT,http://bnb.data.bl.uk/id/concept/ddc/e22/342.730853
http://bnb.data.bl.uk/id/concept/ddc/e22/342.730853,RT,http://bnb.data.bl.uk/id/concept/ddc/e22/325.73
http://bnb.data.bl.uk/id/concept/ddc/e22/325.73,RT,http://bnb.data.bl.uk/id/concept/ddc/e22/940.272
http://bnb.data.bl.uk/id/concept/ddc/e22/940.272,RT,http://bnb.data.bl.uk/id/concept/ddc/e22/325.73
http://bnb.data.bl.uk/id/concept/ddc/e22/325.73,RT,http://bnb.data.bl.uk/id/concept/ddc/e22/941.085408697
http://bnb.data.bl.uk/id/concept/ddc/e22/941.085408697,RT,http://bnb.data.bl.uk/id/concept/ddc/e22/325.73
http://bnb.data.bl.uk/id/concept/ddc/e22/325.73,RT,http://bnb.data.bl.uk/id/concept/ddc/e22/941.086092
http://bnb.data.bl.uk/id/concept/ddc/e22/941.086092,RT,http://bnb.data.bl.uk/id/concept/ddc/e22/325.73
http://bnb.data.bl.uk/id/concept/ddc/e22/325.73,RT,http://bnb.data.bl.uk/id/concept/ddc/e23/940.5341
http://bnb.data.bl.uk/id/concept/ddc/e23/940.5341,RT,http://bnb.data.bl.uk/id/concept/ddc/e22/325.73
http://bnb.data.bl.uk/id/concept/ddc/e22/325.73,RT,http://bnb.data.bl.uk/id/concept/ddc/e23/940.541241
http://bnb.data.bl.uk/id/concept/ddc/e23/940.541241,RT,http://bnb.data.bl.uk/id/concept/ddc/e22/325.73
http://bnb.data.bl.uk/id/concept/ddc/e22/823.91093578,RT,http://bnb.data.bl.uk/id/concept/ddc/e23/786.2193
http://bnb.data.bl.uk/id/concept/ddc/e23/786.2193,RT,http://bnb.data.bl.uk/id/concept/ddc/e22/823.91093578
http://bnb.data.bl.uk/id/concept/ddc/e21/914.404839,RT,http://bnb.data.bl.uk/id/concept/ddc/e21/914.40484
http://bnb.data.bl.uk/id/concept/ddc/e21/914.40484,RT,http://bnb.data.bl.uk/id/concept/ddc/e21/914.404839
http://bnb.data.bl.uk/id/concept/ddc/e21/914.404839,RT,http://bnb.data.bl.uk/id/concept/ddc/e21/914.43610484
http://bnb.data.bl.uk/id/concept/ddc/e21/914.43610484,RT,http://bnb.data.bl.uk/id/concept/ddc/e21/914.404839
http://bnb.data.bl.uk/id/concept/ddc/e21/914.404839,RT,http://bnb.data.bl.uk/id/concept/ddc/e21/942.178
http://bnb.data.bl.uk/id/concept/ddc/e21/942.178,RT,http://bnb.data.bl.uk/id/concept/ddc/e21/914.404839
http://bnb.data.bl.uk/id/concept/ddc/e21/914.404839,RT,http://bnb.data.bl.uk/id/concept/ddc/e22/914.40484
http://bnb.data.bl.uk/id/concept/ddc/e22/914.40484,RT,http://bnb.data.bl.uk/id/concept/ddc/e21/914.404839
http://bnb.data.bl.uk/id/concept/ddc/e21/914.404839,RT,http://bnb.data.bl.uk/id/concept/ddc/e22/914.43610484
http://bnb.data.bl.uk/id/concept/ddc/e22/914.43610484,RT,http://bnb.data.bl.uk/id/concept/ddc/e21/914.404839
http://bnb.data.bl.uk/id/concept/ddc/e21/914.404839,RT,http://bnb.data.bl.uk/id/concept/ddc/e22/942.178
http://bnb.data.bl.uk/id/concept/ddc/e22/942.178,RT,http://bnb.data.bl.uk/id/concept/ddc/e21/914.404839
http://bnb.data.bl.uk/id/concept/ddc/e21/914.404839,RT,http://bnb.data.bl.uk/id/concept/ddc/e23/942.178
http://bnb.data.bl.uk/id/concept/ddc/e23/942.178,RT,http://bnb.data.bl.uk/id/concept/ddc/e21/914.404839
http://bnb.data.bl.uk/id/concept/ddc/e21/004.692,RT,http://bnb.data.bl.uk/id/concept/ddc/e21/384.34
http://bnb.data.bl.uk/id/concept/ddc/e21/384.34,RT,http://bnb.data.bl.uk/id/concept/ddc/e21/004.692
http://bnb.data.bl.uk/id/concept/ddc/e21/004.692,RT,http://bnb.data.bl.uk/id/concept/ddc/e22/004.692
http://bnb.data.bl.uk/id/concept/ddc/e22/004.692,RT,http://bnb.data.bl.uk/id/concept/ddc/e21/004.692
http://bnb.data.bl.uk/id/concept/ddc/e21/004.692,RT,http://bnb.data.bl.uk/id/concept/ddc/e22/616.075
http://bnb.data.bl.uk/id/concept/ddc/e22/616.075,RT,http://bnb.data.bl.uk/id/concept/ddc/e21/004.692
http://bnb.data.bl.uk/id/concept/ddc/e22/052.0942109034,RT,http://bnb.data.bl.uk/id/concept/ddc/e23/809.93357
http://bnb.data.bl.uk/id/concept/ddc/e23/809.93357,RT,http://bnb.data.bl.uk/id/concept/ddc/e22/052.0942109034
http://bnb.data.bl.uk/id/concept/ddc/e22/052.0942109034,RT,http://bnb.data.bl.uk/id/concept/ddc/e23/820.9357
http://bnb.data.bl.uk/id/concept/ddc/e23/820.9357,RT,http://bnb.data.bl.uk/id/concept/ddc/e22/052.0942109034
http://bnb.data.bl.uk/id/concept/ddc/e23/782.42164092,RT,http://bnb.data.bl.uk/id/concept/ddc/e19/784.0924
http://bnb.data.bl.uk/id/concept/ddc/e19/784.0924,RT,http://bnb.data.bl.uk/id/concept/ddc/e23/782.42164092
http://bnb.data.bl.uk/id/concept/ddc/e23/782.42164092,RT,http://bnb.data.bl.uk/id/concept/ddc/e22/264.23
http://bnb.data.bl.uk/id/concept/ddc/e22/264.23,RT,http://bnb.data.bl.uk/id/concept/ddc/e23/782.42164092
http://bnb.data.bl.uk/id/concept/ddc/e23/782.42164092,RT,http://bnb.data.bl.uk/id/concept/ddc/e22/782.42164092
http://bnb.data.bl.uk/id/concept/ddc/e22/782.42164092,RT,http://bnb.data.bl.uk/id/concept/ddc/e23/782.42164092
http://bnb.data.bl.uk/id/concept/ddc/e23/782.42164092,RT,http://bnb.data.bl.uk/id/concept/ddc/e23/242.2
http://bnb.data.bl.uk/id/concept/ddc/e23/242.2,RT,http://bnb.data.bl.uk/id/concept/ddc/e23/782.42164092
http://bnb.data.bl.uk/id/concept/ddc/e23/782.42164092,RT,http://bnb.data.bl.uk/id/concept/ddc/e23/264.23
http://bnb.data.bl.uk/id/concept/ddc/e23/264.23,RT,http://bnb.data.bl.uk/id/concept/ddc/e23/782.42164092
http://bnb.data.bl.uk/id/concept/ddc/e22/813.6,RT,http://bnb.data.bl.uk/id/concept/ddc/e23/759.13
http://bnb.data.bl.uk/id/concept/ddc/e23/759.13,RT,http://bnb.data.bl.uk/id/concept/ddc/e22/813.6
http://bnb.data.bl.uk/id/concept/ddc/e22/823.914,RT,http://bnb.data.bl.uk/id/concept/ddc/e21/823.914
http://bnb.data.bl.uk/id/concept/ddc/e21/823.914,RT,http://bnb.data.bl.uk/id/concept/ddc/e22/823.914
http://bnb.data.bl.uk/id/concept/ddc/e22/823.914,RT,http://bnb.data.bl.uk/id/concept/ddc/e23/791.4372
http://bnb.data.bl.uk/id/concept/ddc/e23/791.4372,RT,http://bnb.data.bl.uk/id/concept/ddc/e22/823.914
http://bnb.data.bl.uk/id/concept/ddc/e22/823.914,RT,http://bnb.data.bl.uk/id/concept/ddc/e23/823.92
http://bnb.data.bl.uk/id/concept/ddc/e23/823.92,RT,http://bnb.data.bl.uk/id/concept/ddc/e22/823.914
http://bnb.data.bl.uk/id/concept/ddc/e22/823.914,RT,http://bnb.data.bl.uk/id/concept/ddc/e21/791.437
http://bnb.data.bl.uk/id/concept/ddc/e21/791.437,RT,http://bnb.data.bl.uk/id/concept/ddc/e22/823.914
http://bnb.data.bl.uk/id/concept/ddc/e22/823.914,RT,http://bnb.data.bl.uk/id/concept/ddc/e22/813.54
http://bnb.data.bl.uk/id/concept/ddc/e22/813.54,RT,http://bnb.data.bl.uk/id/concept/ddc/e22/823.914
http://bnb.data.bl.uk/id/concept/ddc/e22/823.914,RT,http://bnb.data.bl.uk/id/concept/ddc/e22/822.92
http://bnb.data.bl.uk/id/concept/ddc/e22/822.92,RT,http://bnb.data.bl.uk/id/concept/ddc/e22/823.914
http://bnb.data.bl.uk/id/concept/ddc/e22/823.914,RT,http://bnb.data.bl.uk/id/concept/ddc/e23/823.914
http://bnb.data.bl.uk/id/concept/ddc/e23/823.914,RT,http://bnb.data.bl.uk/id/concept/ddc/e22/823.914
http://bnb.data.bl.uk/id/concept/ddc/e23/741.5973,RT,http://bnb.data.bl.uk/id/concept/ddc/e22/741.5973
http://bnb.data.bl.uk/id/concept/ddc/e22/741.5973,RT,http://bnb.data.bl.uk/id/concept/ddc/e23/741.5973
http://bnb.data.bl.uk/id/concept/ddc/e23/741.5973,RT,http://bnb.data.bl.uk/id/concept/ddc/e22/741.5092
http://bnb.data.bl.uk/id/concept/ddc/e22/741.5092,RT,http://bnb.data.bl.uk/id/concept/ddc/e23/741.5973
http://bnb.data.bl.uk/id/concept/ddc/e23/741.5973,RT,http://bnb.data.bl.uk/id/concept/ddc/e22/741.56973
http://bnb.data.bl.uk/id/concept/ddc/e22/741.56973,RT,http://bnb.data.bl.uk/id/concept/ddc/e23/741.5973
http://bnb.data.bl.uk/id/concept/ddc/e23/741.5973,RT,http://bnb.data.bl.uk/id/concept/ddc/e22/791.5
http://bnb.data.bl.uk/id/concept/ddc/e22/791.5,RT,http://bnb.data.bl.uk/id/concept/ddc/e23/741.5973
http://bnb.data.bl.uk/id/concept/ddc/e23/741.5973,RT,http://bnb.data.bl.uk/id/concept/ddc/e23/741.5
http://bnb.data.bl.uk/id/concept/ddc/e23/741.5,RT,http://bnb.data.bl.uk/id/concept/ddc/e23/741.5973
http://bnb.data.bl.uk/id/concept/ddc/e23/741.5973,RT,http://bnb.data.bl.uk/id/concept/ddc/e23/741.56973
http://bnb.data.bl.uk/id/concept/ddc/e23/741.56973,RT,http://bnb.data.bl.uk/id/concept/ddc/e23/741.5973
http://bnb.data.bl.uk/id/concept/ddc/e22/809.3927,RT,http://bnb.data.bl.uk/id/concept/ddc/e23/828.91209
http://bnb.data.bl.uk/id/concept/ddc/e23/828.91209,RT,http://bnb.data.bl.uk/id/concept/ddc/e22/809.3927
http://bnb.data.bl.uk/id/concept/ddc/e23/793.73,RT,http://bnb.data.bl.uk/id/concept/ddc/e23/032.02
http://bnb.data.bl.uk/id/concept/ddc/e23/032.02,RT,http://bnb.data.bl.uk/id/concept/ddc/e23/793.73
http://bnb.data.bl.uk/id/concept/ddc/e23/793.73,RT,http://bnb.data.bl.uk/id/concept/ddc/e22/828.9202
http://bnb.data.bl.uk/id/concept/ddc/e22/828.9202,RT,http://bnb.data.bl.uk/id/concept/ddc/e23/793.73
http://bnb.data.bl.uk/id/concept/ddc/e23/793.73,RT,http://bnb.data.bl.uk/id/concept/ddc/e23/032
http://bnb.data.bl.uk/id/concept/ddc/e23/032,RT,http://bnb.data.bl.uk/id/concept/ddc/e23/793.73
http://bnb.data.bl.uk/id/concept/ddc/e23/793.73,RT,http://bnb.data.bl.uk/id/concept/ddc/e23/919.804092
http://bnb.data.bl.uk/id/concept/ddc/e23/919.804092,RT,http://bnb.data.bl.uk/id/concept/ddc/e23/793.73
http://bnb.data.bl.uk/id/concept/ddc/e23/808.01,RT,http://bnb.data.bl.uk/id/concept/ddc/e23/811.6
http://bnb.data.bl.uk/id/concept/ddc/e23/811.6,RT,http://bnb.data.bl.uk/id/concept/ddc/e23/808.01
http://bnb.data.bl.uk/id/concept/ddc/e/820.9,RT,http://bnb.data.bl.uk/id/concept/ddc/e22/823.91409353
http://bnb.data.bl.uk/id/concept/ddc/e22/823.91409353,RT,http://bnb.data.bl.uk/id/concept/ddc/e/820.9
http://bnb.data.bl.uk/id/concept/ddc/e/820.9,RT,http://bnb.data.bl.uk/id/concept/ddc/e23/820.900914
http://bnb.data.bl.uk/id/concept/ddc/e23/820.900914,RT,http://bnb.data.bl.uk/id/concept/ddc/e/820.9
http://bnb.data.bl.uk/id/concept/ddc/e21/821.8,RT,http://bnb.data.bl.uk/id/concept/ddc/e22/821.8
http://bnb.data.bl.uk/id/concept/ddc/e22/821.8,RT,http://bnb.data.bl.uk/id/concept/ddc/e21/821.8
http://bnb.data.bl.uk/id/concept/ddc/e21/821.8,RT,http://bnb.data.bl.uk/id/concept/ddc/e22/941.2901
http://bnb.data.bl.uk/id/concept/ddc/e22/941.2901,RT,http://bnb.data.bl.uk/id/concept/ddc/e21/821.8
http://bnb.data.bl.uk/id/concept/ddc/e21/821.8,RT,http://bnb.data.bl.uk/id/concept/ddc/e23/820.9003
http://bnb.data.bl.uk/id/concept/ddc/e23/820.9003,RT,http://bnb.data.bl.uk/id/concept/ddc/e21/821.8
http://bnb.data.bl.uk/id/concept/ddc/e21/821.8,RT,http://bnb.data.bl.uk/id/concept/ddc/e23/821.9120992870945
http://bnb.data.bl.uk/id/concept/ddc/e23/821.9120992870945,RT,http://bnb.data.bl.uk/id/concept/ddc/e21/821.8
http://bnb.data.bl.uk/id/concept/ddc/e22/341.2,RT,http://bnb.data.bl.uk/id/concept/ddc/e23/323.0959
http://bnb.data.bl.uk/id/concept/ddc/e23/323.0959,RT,http://bnb.data.bl.uk/id/concept/ddc/e22/341.2
http://bnb.data.bl.uk/id/concept/ddc/e22/341.2,RT,http://bnb.data.bl.uk/id/concept/ddc/e23/341.2
http://bnb.data.bl.uk/id/concept/ddc/e23/341.2,RT,http://bnb.data.bl.uk/id/concept/ddc/e22/341.2
http://bnb.data.bl.uk/id/concept/ddc/e22/282.092,RT,http://bnb.data.bl.uk/id/concept/ddc/e23/972.94
http://bnb.data.bl.uk/id/concept/ddc/e23/972.94,RT,http://bnb.data.bl.uk/id/concept/ddc/e22/282.092
http://bnb.data.bl.uk/id/concept/ddc/e22/300.9174927,RT,http://bnb.data.bl.uk/id/concept/ddc/e23/320.9174927
http://bnb.data.bl.uk/id/concept/ddc/e23/320.9174927,RT,http://bnb.data.bl.uk/id/concept/ddc/e22/300.9174927
http://bnb.data.bl.uk/id/concept/ddc/e22/398.083,RT,http://bnb.data.bl.uk/id/concept/ddc/e22/398.2094
http://bnb.data.bl.uk/id/concept/ddc/e22/398.2094,RT,http://bnb.data.bl.uk/id/concept/ddc/e22/398.083
http://bnb.data.bl.uk/id/concept/ddc/e22/398.083,RT,http://bnb.data.bl.uk/id/concept/ddc/e23/809.89282
http://bnb.data.bl.uk/id/concept/ddc/e23/809.89282,RT,http://bnb.data.bl.uk/id/concept/ddc/e22/398.083
http://bnb.data.bl.uk/id/concept/ddc/e22/297.0956109041,RT,http://bnb.data.bl.uk/id/concept/ddc/e23/327.56105609042
http://bnb.data.bl.uk/id/concept/ddc/e23/327.56105609042,RT,http://bnb.data.bl.uk/id/concept/ddc/e22/297.0956109041
http://bnb.data.bl.uk/id/concept/ddc/e23/142,RT,http://bnb.data.bl.uk/id/concept/ddc/e22/126
http://bnb.data.bl.uk/id/concept/ddc/e22/126,RT,http://bnb.data.bl.uk/id/concept/ddc/e23/142
http://bnb.data.bl.uk/id/concept/ddc/e23/142,RT,http://bnb.data.bl.uk/id/concept/ddc/e23/126
http://bnb.data.bl.uk/id/concept/ddc/e23/126,RT,http://bnb.data.bl.uk/id/concept/ddc/e23/142
http://bnb.data.bl.uk/id/concept/ddc/e23/142,RT,http://bnb.data.bl.uk/id/concept/ddc/e23/305.4201
http://bnb.data.bl.uk/id/concept/ddc/e23/305.4201,RT,http://bnb.data.bl.uk/id/concept/ddc/e23/142
http://bnb.data.bl.uk/id/concept/ddc/e22/630.973,RT,http://bnb.data.bl.uk/id/concept/ddc/e23/700.411
http://bnb.data.bl.uk/id/concept/ddc/e23/700.411,RT,http://bnb.data.bl.uk/id/concept/ddc/e22/630.973
http://bnb.data.bl.uk/id/concept/ddc/e23/305.23,RT,http://bnb.data.bl.uk/id/concept/ddc/e21/394.3
http://bnb.data.bl.uk/id/concept/ddc/e21/394.3,RT,http://bnb.data.bl.uk/id/concept/ddc/e23/305.23
http://bnb.data.bl.uk/id/concept/ddc/e23/305.23,RT,http://bnb.data.bl.uk/id/concept/ddc/e22/305.2350979409045
http://bnb.data.bl.uk/id/concept/ddc/e22/305.2350979409045,RT,http://bnb.data.bl.uk/id/concept/ddc/e23/305.23
http://bnb.data.bl.uk/id/concept/ddc/e21/829.0938236,RT,http://bnb.data.bl.uk/id/concept/ddc/e22/829.0938236
http://bnb.data.bl.uk/id/concept/ddc/e22/829.0938236,RT,http://bnb.data.bl.uk/id/concept/ddc/e21/829.0938236
http://bnb.data.bl.uk/id/concept/ddc/e21/829.0938236,RT,http://bnb.data.bl.uk/id/concept/ddc/e22/954.6
http://bnb.data.bl.uk/id/concept/ddc/e22/954.6,RT,http://bnb.data.bl.uk/id/concept/ddc/e21/829.0938236
http://bnb.data.bl.uk/id/concept/ddc/e23/551,RT,http://bnb.data.bl.uk/id/concept/ddc/e23/622.1592
http://bnb.data.bl.uk/id/concept/ddc/e23/622.1592,RT,http://bnb.data.bl.uk/id/concept/ddc/e23/551
http://bnb.data.bl.uk/id/concept/ddc/e23/612.044,RT,http://bnb.data.bl.uk/id/concept/ddc/e23/615.8512
http://bnb.data.bl.uk/id/concept/ddc/e23/615.8512,RT,http://bnb.data.bl.uk/id/concept/ddc/e23/612.044
http://bnb.data.bl.uk/id/concept/ddc/e21/305.90691,RT,http://bnb.data.bl.uk/id/concept/ddc/e22/194
http://bnb.data.bl.uk/id/concept/ddc/e22/194,RT,http://bnb.data.bl.uk/id/concept/ddc/e21/305.90691
http://bnb.data.bl.uk/id/concept/ddc/e21/305.90691,RT,http://bnb.data.bl.uk/id/concept/ddc/e23/320.97309049
http://bnb.data.bl.uk/id/concept/ddc/e23/320.97309049,RT,http://bnb.data.bl.uk/id/concept/ddc/e21/305.90691
http://bnb.data.bl.uk/id/concept/ddc/e22/796.640994,RT,http://bnb.data.bl.uk/id/concept/ddc/e22/910.202
http://bnb.data.bl.uk/id/concept/ddc/e22/910.202,RT,http://bnb.data.bl.uk/id/concept/ddc/e22/796.640994
http://bnb.data.bl.uk/id/concept/ddc/e22/796.640994,RT,http://bnb.data.bl.uk/id/concept/ddc/e23/796.510993
http://bnb.data.bl.uk/id/concept/ddc/e23/796.510993,RT,http://bnb.data.bl.uk/id/concept/ddc/e22/796.640994
http://bnb.data.bl.uk/id/concept/ddc/e22/796.640994,RT,http://bnb.data.bl.uk/id/concept/ddc/e23/796.6409946
http://bnb.data.bl.uk/id/concept/ddc/e23/796.6409946,RT,http://bnb.data.bl.uk/id/concept/ddc/e22/796.640994
http://bnb.data.bl.uk/id/concept/ddc/e22/796.640994,RT,http://bnb.data.bl.uk/id/concept/ddc/e23/910.202
http://bnb.data.bl.uk/id/concept/ddc/e23/910.202,RT,http://bnb.data.bl.uk/id/concept/ddc/e22/796.640994
http://bnb.data.bl.uk/id/concept/ddc/e21/912.75,RT,http://bnb.data.bl.uk/id/concept/ddc/e23/306.84608997385
http://bnb.data.bl.uk/id/concept/ddc/e23/306.84608997385,RT,http://bnb.data.bl.uk/id/concept/ddc/e21/912.75
http://bnb.data.bl.uk/id/concept/ddc/e21/912.75,RT,http://bnb.data.bl.uk/id/concept/ddc/e23/912.75
http://bnb.data.bl.uk/id/concept/ddc/e23/912.75,RT,http://bnb.data.bl.uk/id/concept/ddc/e21/912.75
http://bnb.data.bl.uk/id/concept/ddc/e21/863.5,RT,http://bnb.data.bl.uk/id/concept/ddc/e23/809.93352968
http://bnb.data.bl.uk/id/concept/ddc/e23/809.93352968,RT,http://bnb.data.bl.uk/id/concept/ddc/e21/863.5
http://bnb.data.bl.uk/id/concept/ddc/e23/823.912,RT,http://bnb.data.bl.uk/id/concept/ddc/e23/363.325
http://bnb.data.bl.uk/id/concept/ddc/e23/363.325,RT,http://bnb.data.bl.uk/id/concept/ddc/e23/823.912
http://bnb.data.bl.uk/id/concept/ddc/e23/823.912,RT,http://bnb.data.bl.uk/id/concept/ddc/e23/823.8
http://bnb.data.bl.uk/id/concept/ddc/e23/823.8,RT,http://bnb.data.bl.uk/id/concept/ddc/e23/823.912
http://bnb.data.bl.uk/id/concept/ddc/e22/303.482174927073,RT,http://bnb.data.bl.uk/id/concept/ddc/e22/306.09174927
http://bnb.data.bl.uk/id/concept/ddc/e22/306.09174927,RT,http://bnb.data.bl.uk/id/concept/ddc/e22/303.482174927073
http://bnb.data.bl.uk/id/concept/ddc/e22/303.482174927073,RT,http://bnb.data.bl.uk/id/concept/ddc/e23/320.9538090511
http://bnb.data.bl.uk/id/concept/ddc/e23/320.9538090511,RT,http://bnb.data.bl.uk/id/concept/ddc/e22/303.482174927073
http://bnb.data.bl.uk/id/concept/ddc/e23/303.48309730904,RT,http://bnb.data.bl.uk/id/concept/ddc/e23/509.7309034
http://bnb.data.bl.uk/id/concept/ddc/e23/509.7309034,RT,http://bnb.data.bl.uk/id/concept/ddc/e23/303.48309730904
http://bnb.data.bl.uk/id/concept/ddc/e22/616.8900982,RT,http://bnb.data.bl.uk/id/concept/ddc/e23/363.3253
http://bnb.data.bl.uk/id/concept/ddc/e23/363.3253,RT,http://bnb.data.bl.uk/id/concept/ddc/e22/616.8900982
http://bnb.data.bl.uk/id/concept/ddc/e22/320.947,RT,http://bnb.data.bl.uk/id/concept/ddc/e22/378.198
http://bnb.data.bl.uk/id/concept/ddc/e22/378.198,RT,http://bnb.data.bl.uk/id/concept/ddc/e22/320.947
http://bnb.data.bl.uk/id/concept/ddc/e22/320.947,RT,http://bnb.data.bl.uk/id/concept/ddc/e23/320.947
http://bnb.data.bl.uk/id/concept/ddc/e23/320.947,RT,http://bnb.data.bl.uk/id/concept/ddc/e22/320.947
http://bnb.data.bl.uk/id/concept/ddc/e22/823.92,RT,http://bnb.data.bl.uk/id/concept/ddc/e21/823.914
http://bnb.data.bl.uk/id/concept/ddc/e21/823.914,RT,http://bnb.data.bl.uk/id/concept/ddc/e22/823.92
http://bnb.data.bl.uk/id/concept/ddc/e22/823.92,RT,http://bnb.data.bl.uk/id/concept/ddc/e21/823.92
http://bnb.data.bl.uk/id/concept/ddc/e21/823.92,RT,http://bnb.data.bl.uk/id/concept/ddc/e22/823.92
http://bnb.data.bl.uk/id/concept/ddc/e22/823.92,RT,http://bnb.data.bl.uk/id/concept/ddc/e22/823.914
http://bnb.data.bl.uk/id/concept/ddc/e22/823.914,RT,http://bnb.data.bl.uk/id/concept/ddc/e22/823.92
http://bnb.data.bl.uk/id/concept/ddc/e22/823.92,RT,http://bnb.data.bl.uk/id/concept/ddc/e23/821.92
http://bnb.data.bl.uk/id/concept/ddc/e23/821.92,RT,http://bnb.data.bl.uk/id/concept/ddc/e22/823.92
http://bnb.data.bl.uk/id/concept/ddc/e22/823.92,RT,http://bnb.data.bl.uk/id/concept/ddc/e20/823.912
http://bnb.data.bl.uk/id/concept/ddc/e20/823.912,RT,http://bnb.data.bl.uk/id/concept/ddc/e22/823.92
http://bnb.data.bl.uk/id/concept/ddc/e22/823.92,RT,http://bnb.data.bl.uk/id/concept/ddc/e21/791.43
http://bnb.data.bl.uk/id/concept/ddc/e21/791.43,RT,http://bnb.data.bl.uk/id/concept/ddc/e22/823.92
http://bnb.data.bl.uk/id/concept/ddc/e22/823.92,RT,http://bnb.data.bl.uk/id/concept/ddc/e21/823.912
http://bnb.data.bl.uk/id/concept/ddc/e21/823.912,RT,http://bnb.data.bl.uk/id/concept/ddc/e22/823.92
http://bnb.data.bl.uk/id/concept/ddc/e22/823.92,RT,http://bnb.data.bl.uk/id/concept/ddc/e23/823.8
http://bnb.data.bl.uk/id/concept/ddc/e23/823.8,RT,http://bnb.data.bl.uk/id/concept/ddc/e22/823.92
http://bnb.data.bl.uk/id/concept/ddc/e22/823.92,RT,http://bnb.data.bl.uk/id/concept/ddc/e23/823.912
http://bnb.data.bl.uk/id/concept/ddc/e23/823.912,RT,http://bnb.data.bl.uk/id/concept/ddc/e22/823.92
http://bnb.data.bl.uk/id/concept/ddc/e21/330.947,RT,http://bnb.data.bl.uk/id/concept/ddc/e23/332.1
http://bnb.data.bl.uk/id/concept/ddc/e23/332.1,RT,http://bnb.data.bl.uk/id/concept/ddc/e21/330.947
http://bnb.data.bl.uk/id/concept/ddc/e22/005.2768,RT,http://bnb.data.bl.uk/id/concept/ddc/e22/006.786
http://bnb.data.bl.uk/id/concept/ddc/e22/006.786,RT,http://bnb.data.bl.uk/id/concept/ddc/e22/005.2768
http://bnb.data.bl.uk/id/concept/ddc/e22/153.35,RT,http://bnb.data.bl.uk/id/concept/ddc/e22/658.4092
http://bnb.data.bl.uk/id/concept/ddc/e22/658.4092,RT,http://bnb.data.bl.uk/id/concept/ddc/e22/153.35
http://bnb.data.bl.uk/id/concept/ddc/e22/153.35,RT,http://bnb.data.bl.uk/id/concept/ddc/e23/658.4063
http://bnb.data.bl.uk/id/concept/ddc/e23/658.4063,RT,http://bnb.data.bl.uk/id/concept/ddc/e22/153.35
http://bnb.data.bl.uk/id/concept/ddc/e23/940.5341,RT,http://bnb.data.bl.uk/id/concept/ddc/e23/940.54233
http://bnb.data.bl.uk/id/concept/ddc/e23/940.54233,RT,http://bnb.data.bl.uk/id/concept/ddc/e23/940.5341
http://bnb.data.bl.uk/id/concept/ddc/e23/940.5341,RT,http://bnb.data.bl.uk/id/concept/ddc/e23/940.545941
http://bnb.data.bl.uk/id/concept/ddc/e23/940.545941,RT,http://bnb.data.bl.uk/id/concept/ddc/e23/940.5341
http://bnb.data.bl.uk/id/concept/ddc/e23/940.5341,RT,http://bnb.data.bl.uk/id/concept/ddc/e23/941.0840922
http://bnb.data.bl.uk/id/concept/ddc/e23/941.0840922,RT,http://bnb.data.bl.uk/id/concept/ddc/e23/940.5341
http://bnb.data.bl.uk/id/concept/ddc/e23/220.9505,RT,http://bnb.data.bl.uk/id/concept/ddc/e23/248.32
http://bnb.data.bl.uk/id/concept/ddc/e23/248.32,RT,http://bnb.data.bl.uk/id/concept/ddc/e23/220.9505
http://bnb.data.bl.uk/id/concept/ddc/e23/220.9505,RT,http://bnb.data.bl.uk/id/concept/ddc/e23/823.92
http://bnb.data.bl.uk/id/concept/ddc/e23/823.92,RT,http://bnb.data.bl.uk/id/concept/ddc/e23/220.9505
http://bnb.data.bl.uk/id/concept/ddc/e22/320.01,RT,http://bnb.data.bl.uk/id/concept/ddc/e22/325.3201
http://bnb.data.bl.uk/id/concept/ddc/e22/325.3201,RT,http://bnb.data.bl.uk/id/concept/ddc/e22/320.01
http://bnb.data.bl.uk/id/concept/ddc/e22/320.01,RT,http://bnb.data.bl.uk/id/concept/ddc/e23/177.62
http://bnb.data.bl.uk/id/concept/ddc/e23/177.62,RT,http://bnb.data.bl.uk/id/concept/ddc/e22/320.01
http://bnb.data.bl.uk/id/concept/ddc/e22/320.01,RT,http://bnb.data.bl.uk/id/concept/ddc/e23/190.9034
http://bnb.data.bl.uk/id/concept/ddc/e23/190.9034,RT,http://bnb.data.bl.uk/id/concept/ddc/e22/320.01
http://bnb.data.bl.uk/id/concept/ddc/e22/823.914,RT,http://bnb.data.bl.uk/id/concept/ddc/e22/823.92
http://bnb.data.bl.uk/id/concept/ddc/e22/823.92,RT,http://bnb.data.bl.uk/id/concept/ddc/e22/823.914
http://bnb.data.bl.uk/id/concept/ddc/e22/823.914,RT,http://bnb.data.bl.uk/id/concept/ddc/e21/364.1523092
http://bnb.data.bl.uk/id/concept/ddc/e21/364.1523092,RT,http://bnb.data.bl.uk/id/concept/ddc/e22/823.914
http://bnb.data.bl.uk/id/concept/ddc/e22/823.914,RT,http://bnb.data.bl.uk/id/concept/ddc/e21/823.914
http://bnb.data.bl.uk/id/concept/ddc/e21/823.914,RT,http://bnb.data.bl.uk/id/concept/ddc/e22/823.914
http://bnb.data.bl.uk/id/concept/ddc/e21/380.1453381941,RT,http://bnb.data.bl.uk/id/concept/ddc/e22/791.4372
http://bnb.data.bl.uk/id/concept/ddc/e22/791.4372,RT,http://bnb.data.bl.uk/id/concept/ddc/e21/380.1453381941
http://bnb.data.bl.uk/id/concept/ddc/e21/380.1453381941,RT,http://bnb.data.bl.uk/id/concept/ddc/e22/791.4375
http://bnb.data.bl.uk/id/concept/ddc/e22/791.4375,RT,http://bnb.data.bl.uk/id/concept/ddc/e21/380.1453381941
http://bnb.data.bl.uk/id/concept/ddc/e23/362.109597,RT,http://bnb.data.bl.uk/id/concept/ddc/e23/959.7
http://bnb.data.bl.uk/id/concept/ddc/e23/959.7,RT,http://bnb.data.bl.uk/id/concept/ddc/e23/362.109597
http://bnb.data.bl.uk/id/concept/ddc/e23/823.92,RT,http://bnb.data.bl.uk/id/concept/ddc/e22/823.92
http://bnb.data.bl.uk/id/concept/ddc/e22/823.92,RT,http://bnb.data.bl.uk/id/concept/ddc/e23/823.92
http://bnb.data.bl.uk/id/concept/ddc/e23/823.92,RT,http://bnb.data.bl.uk/id/concept/ddc/e22/823.914
http://bnb.data.bl.uk/id/concept/ddc/e22/823.914,RT,http://bnb.data.bl.uk/id/concept/ddc/e23/823.92
http://bnb.data.bl.uk/id/concept/ddc/e23/823.92,RT,http://bnb.data.bl.uk/id/concept/ddc/e23/823.914
http://bnb.data.bl.uk/id/concept/ddc/e23/823.914,RT,http://bnb.data.bl.uk/id/concept/ddc/e23/823.92
http://bnb.data.bl.uk/id/concept/ddc/e23/823.92,RT,http://bnb.data.bl.uk/id/concept/ddc/e21/398.84
http://bnb.data.bl.uk/id/concept/ddc/e21/398.84,RT,http://bnb.data.bl.uk/id/concept/ddc/e23/823.92
http://bnb.data.bl.uk/id/concept/ddc/e23/823.92,RT,http://bnb.data.bl.uk/id/concept/ddc/e21/793.21
http://bnb.data.bl.uk/id/concept/ddc/e21/793.21,RT,http://bnb.data.bl.uk/id/concept/ddc/e23/823.92
http://bnb.data.bl.uk/id/concept/ddc/e23/823.92,RT,http://bnb.data.bl.uk/id/concept/ddc/e23/362.19685882
http://bnb.data.bl.uk/id/concept/ddc/e23/362.19685882,RT,http://bnb.data.bl.uk/id/concept/ddc/e23/823.92
http://bnb.data.bl.uk/id/concept/ddc/e23/823.92,RT,http://bnb.data.bl.uk/id/concept/ddc/e23/428.6
http://bnb.data.bl.uk/id/concept/ddc/e23/428.6,RT,http://bnb.data.bl.uk/id/concept/ddc/e23/823.92
http://bnb.data.bl.uk/id/concept/ddc/e23/823.92,RT,http://bnb.data.bl.uk/id/concept/ddc/e23/508.41
http://bnb.data.bl.uk/id/concept/ddc/e23/508.41,RT,http://bnb.data.bl.uk/id/concept/ddc/e23/823.92
http://bnb.data.bl.uk/id/concept/ddc/e23/823.92,RT,http://bnb.data.bl.uk/id/concept/ddc/e23/813.6
http://bnb.data.bl.uk/id/concept/ddc/e23/813.6,RT,http://bnb.data.bl.uk/id/concept/ddc/e23/823.92
http://bnb.data.bl.uk/id/concept/ddc/e23/697.9523,RT,http://bnb.data.bl.uk/id/concept/ddc/e23/720.483
http://bnb.data.bl.uk/id/concept/ddc/e23/720.483,RT,http://bnb.data.bl.uk/id/concept/ddc/e23/697.9523
http://bnb.data.bl.uk/id/concept/ddc/e23/697.9523,RT,http://bnb.data.bl.uk/id/concept/ddc/e23/720.483090512
http://bnb.data.bl.uk/id/concept/ddc/e23/720.483090512,RT,http://bnb.data.bl.uk/id/concept/ddc/e23/697.9523
http://bnb.data.bl.uk/id/concept/ddc/e22/305.42,RT,http://bnb.data.bl.uk/id/concept/ddc/e23/133.43
http://bnb.data.bl.uk/id/concept/ddc/e23/133.43,RT,http://bnb.data.bl.uk/id/concept/ddc/e22/305.42
http://bnb.data.bl.uk/id/concept/ddc/e22/305.42,RT,http://bnb.data.bl.uk/id/concept/ddc/e23/813.6
http://bnb.data.bl.uk/id/concept/ddc/e23/813.6,RT,http://bnb.data.bl.uk/id/concept/ddc/e22/305.42
http://bnb.data.bl.uk/id/concept/ddc/e21/320.5330943,RT,http://bnb.data.bl.uk/id/concept/ddc/e22/320.53309409041
http://bnb.data.bl.uk/id/concept/ddc/e22/320.53309409041,RT,http://bnb.data.bl.uk/id/concept/ddc/e21/320.5330943
http://bnb.data.bl.uk/id/concept/ddc/e21/320.5330943,RT,http://bnb.data.bl.uk/id/concept/ddc/e22/940.5311
http://bnb.data.bl.uk/id/concept/ddc/e22/940.5311,RT,http://bnb.data.bl.uk/id/concept/ddc/e21/320.5330943
http://bnb.data.bl.uk/id/concept/ddc/e21/320.5330943,RT,http://bnb.data.bl.uk/id/concept/ddc/e22/940.5488743
http://bnb.data.bl.uk/id/concept/ddc/e22/940.5488743,RT,http://bnb.data.bl.uk/id/concept/ddc/e21/320.5330943
http://bnb.data.bl.uk/id/concept/ddc/e21/320.5330943,RT,http://bnb.data.bl.uk/id/concept/ddc/e23/945.63091
http://bnb.data.bl.uk/id/concept/ddc/e23/945.63091,RT,http://bnb.data.bl.uk/id/concept/ddc/e21/320.5330943
http://bnb.data.bl.uk/id/concept/ddc/e21/300.1,RT,http://bnb.data.bl.uk/id/concept/ddc/e21/306.47
http://bnb.data.bl.uk/id/concept/ddc/e21/306.47,RT,http://bnb.data.bl.uk/id/concept/ddc/e21/300.1
http://bnb.data.bl.uk/id/concept/ddc/e21/300.1,RT,http://bnb.data.bl.uk/id/concept/ddc/e22/301.0943
http://bnb.data.bl.uk/id/concept/ddc/e22/301.0943,RT,http://bnb.data.bl.uk/id/concept/ddc/e21/300.1
http://bnb.data.bl.uk/id/concept/ddc/e21/300.1,RT,http://bnb.data.bl.uk/id/concept/ddc/e22/306.47
http://bnb.data.bl.uk/id/concept/ddc/e22/306.47,RT,http://bnb.data.bl.uk/id/concept/ddc/e21/300.1
http://bnb.data.bl.uk/id/concept/ddc/e21/300.1,RT,http://bnb.data.bl.uk/id/concept/ddc/e23/301.09430904
http://bnb.data.bl.uk/id/concept/ddc/e23/301.09430904,RT,http://bnb.data.bl.uk/id/concept/ddc/e21/300.1
http://bnb.data.bl.uk/id/concept/ddc/e23/070.4,RT,http://bnb.data.bl.uk/id/concept/ddc/e23/302.231
http://bnb.data.bl.uk/id/concept/ddc/e23/302.231,RT,http://bnb.data.bl.uk/id/concept/ddc/e23/070.4
http://bnb.data.bl.uk/id/concept/ddc/e23/779.320954,RT,http://bnb.data.bl.uk/id/concept/ddc/e23/915.400222
http://bnb.data.bl.uk/id/concept/ddc/e23/915.400222,RT,http://bnb.data.bl.uk/id/concept/ddc/e23/779.320954
http://bnb.data.bl.uk/id/concept/ddc/e23/333.95281609429,RT,http://bnb.data.bl.uk/id/concept/ddc/e23/577.609429
http://bnb.data.bl.uk/id/concept/ddc/e23/577.609429,RT,http://bnb.data.bl.uk/id/concept/ddc/e23/333.95281609429
http://bnb.data.bl.uk/id/concept/ddc/e22/323.094,RT,http://bnb.data.bl.uk/id/concept/ddc/e22/363.232
http://bnb.data.bl.uk/id/concept/ddc/e22/363.232,RT,http://bnb.data.bl.uk/id/concept/ddc/e22/323.094
http://bnb.data.bl.uk/id/concept/ddc/e22/323.094,RT,http://bnb.data.bl.uk/id/concept/ddc/e22/363.2320941
http://bnb.data.bl.uk/id/concept/ddc/e22/363.2320941,RT,http://bnb.data.bl.uk/id/concept/ddc/e22/323.094
http://bnb.data.bl.uk/id/concept/ddc/e22/323.094,RT,http://bnb.data.bl.uk/id/concept/ddc/e23/363.232
http://bnb.data.bl.uk/id/concept/ddc/e23/363.232,RT,http://bnb.data.bl.uk/id/concept/ddc/e22/323.094
http://bnb.data.bl.uk/id/concept/ddc/e21/809.93358,RT,http://bnb.data.bl.uk/id/concept/ddc/e21/863.3
http://bnb.data.bl.uk/id/concept/ddc/e21/863.3,RT,http://bnb.data.bl.uk/id/concept/ddc/e21/809.93358
http://bnb.data.bl.uk/id/concept/ddc/e21/809.93358,RT,http://bnb.data.bl.uk/id/concept/ddc/e22/809.3
http://bnb.data.bl.uk/id/concept/ddc/e22/809.3,RT,http://bnb.data.bl.uk/id/concept/ddc/e21/809.93358
http://bnb.data.bl.uk/id/concept/ddc/e21/809.93358,RT,http://bnb.data.bl.uk/id/concept/ddc/e22/946.02
http://bnb.data.bl.uk/id/concept/ddc/e22/946.02,RT,http://bnb.data.bl.uk/id/concept/ddc/e21/809.93358
http://bnb.data.bl.uk/id/concept/ddc/e22/332.024,RT,http://bnb.data.bl.uk/id/concept/ddc/e22/337
http://bnb.data.bl.uk/id/concept/ddc/e22/337,RT,http://bnb.data.bl.uk/id/concept/ddc/e22/332.024
http://bnb.data.bl.uk/id/concept/ddc/e22/332.024,RT,http://bnb.data.bl.uk/id/concept/ddc/e22/338.542
http://bnb.data.bl.uk/id/concept/ddc/e22/338.542,RT,http://bnb.data.bl.uk/id/concept/ddc/e22/332.024
http://bnb.data.bl.uk/id/concept/ddc/e22/332.024,RT,http://bnb.data.bl.uk/id/concept/ddc/e22/361.70681
http://bnb.data.bl.uk/id/concept/ddc/e22/361.70681,RT,http://bnb.data.bl.uk/id/concept/ddc/e22/332.024
http://bnb.data.bl.uk/id/concept/ddc/e22/392.5097309034,RT,http://bnb.data.bl.uk/id/concept/ddc/e23/747.78
http://bnb.data.bl.uk/id/concept/ddc/e23/747.78,RT,http://bnb.data.bl.uk/id/concept/ddc/e22/392.5097309034
http://bnb.data.bl.uk/id/concept/ddc/e22/305.420982090511,RT,http://bnb.data.bl.uk/id/concept/ddc/e22/306.4
http://bnb.data.bl.uk/id/concept/ddc/e22/306.4,RT,http://bnb.data.bl.uk/id/concept/ddc/e22/305.420982090511
http://bnb.data.bl.uk/id/concept/ddc/e22/305.420982090511,RT,http://bnb.data.bl.uk/id/concept/ddc/e23/323.34092282
http://bnb.data.bl.uk/id/concept/ddc/e23/323.34092282,RT,http://bnb.data.bl.uk/id/concept/ddc/e22/305.420982090511
http://bnb.data.bl.uk/id/concept/ddc/e22/306.3615,RT,http://bnb.data.bl.uk/id/concept/ddc/e23/365.608996073
http://bnb.data.bl.uk/id/concept/ddc/e23/365.608996073,RT,http://bnb.data.bl.uk/id/concept/ddc/e22/306.3615
http://bnb.data.bl.uk/id/concept/ddc/e22/364.660973,RT,http://bnb.data.bl.uk/id/concept/ddc/e22/365.667
http://bnb.data.bl.uk/id/concept/ddc/e22/365.667,RT,http://bnb.data.bl.uk/id/concept/ddc/e22/364.660973
http://bnb.data.bl.uk/id/concept/ddc/e22/364.660973,RT,http://bnb.data.bl.uk/id/concept/ddc/e23/342.085101
http://bnb.data.bl.uk/id/concept/ddc/e23/342.085101,RT,http://bnb.data.bl.uk/id/concept/ddc/e22/364.660973
http://bnb.data.bl.uk/id/concept/ddc/e22/364.660973,RT,http://bnb.data.bl.uk/id/concept/ddc/e23/362.86086942
http://bnb.data.bl.uk/id/concept/ddc/e23/362.86086942,RT,http://bnb.data.bl.uk/id/concept/ddc/e22/364.660973
http://bnb.data.bl.uk/id/concept/ddc/e22/364.660973,RT,http://bnb.data.bl.uk/id/concept/ddc/e23/365.60973
http://bnb.data.bl.uk/id/concept/ddc/e23/365.60973,RT,http://bnb.data.bl.uk/id/concept/ddc/e22/364.660973
http://bnb.data.bl.uk/id/concept/ddc/e22/001.944,RT,http://bnb.data.bl.uk/id/concept/ddc/e23/791.33
http://bnb.data.bl.uk/id/concept/ddc/e23/791.33,RT,http://bnb.data.bl.uk/id/concept/ddc/e22/001.944
http://bnb.data.bl.uk/id/concept/ddc/e23/810.90052,RT,http://bnb.data.bl.uk/id/concept/ddc/e23/813.52
http://bnb.data.bl.uk/id/concept/ddc/e23/813.52,RT,http://bnb.data.bl.uk/id/concept/ddc/e23/810.90052
http://bnb.data.bl.uk/id/concept/ddc/e22/820.9384,RT,http://bnb.data.bl.uk/id/concept/ddc/e22/822.914
http://bnb.data.bl.uk/id/concept/ddc/e22/822.914,RT,http://bnb.data.bl.uk/id/concept/ddc/e22/820.9384
http://bnb.data.bl.uk/id/concept/ddc/e22/364.30869120941,RT,http://bnb.data.bl.uk/id/concept/ddc/e23/658.4
http://bnb.data.bl.uk/id/concept/ddc/e23/658.4,RT,http://bnb.data.bl.uk/id/concept/ddc/e22/364.30869120941
http://bnb.data.bl.uk/id/concept/ddc/e21/616.025072042,RT,http://bnb.data.bl.uk/id/concept/ddc/e21/914.0425
http://bnb.data.bl.uk/id/concept/ddc/e21/914.0425,RT,http://bnb.data.bl.uk/id/concept/ddc/e21/616.025072042
http://bnb.data.bl.uk/id/concept/ddc/e21/616.025072042,RT,http://bnb.data.bl.uk/id/concept/ddc/e21/941.07
http://bnb.data.bl.uk/id/concept/ddc/e21/941.07,RT,http://bnb.data.bl.uk/id/concept/ddc/e21/616.025072042
http://bnb.data.bl.uk/id/concept/ddc/e21/616.025072042,RT,http://bnb.data.bl.uk/id/concept/ddc/e22/738.092
http://bnb.data.bl.uk/id/concept/ddc/e22/738.092,RT,http://bnb.data.bl.uk/id/concept/ddc/e21/616.025072042
http://bnb.data.bl.uk/id/concept/ddc/e21/616.025072042,RT,http://bnb.data.bl.uk/id/concept/ddc/e22/786.66
http://bnb.data.bl.uk/id/concept/ddc/e22/786.66,RT,http://bnb.data.bl.uk/id/concept/ddc/e21/616.025072042
http://bnb.data.bl.uk/id/concept/ddc/e21/320.94309034,RT,http://bnb.data.bl.uk/id/concept/ddc/e23/940.2744
http://bnb.data.bl.uk/id/concept/ddc/e23/940.2744,RT,http://bnb.data.bl.uk/id/concept/ddc/e21/320.94309034
http://bnb.data.bl.uk/id/concept/ddc/e22/379.5209034,RT,http://bnb.data.bl.uk/id/concept/ddc/e23/741.56941
http://bnb.data.bl.uk/id/concept/ddc/e23/741.56941,RT,http://bnb.data.bl.uk/id/concept/ddc/e22/379.5209034
http://bnb.data.bl.uk/id/concept/ddc/e22/242.5,RT,http://bnb.data.bl.uk/id/concept/ddc/e22/242.5092
http://bnb.data.bl.uk/id/concept/ddc/e22/242.5092,RT,http://bnb.data.bl.uk/id/concept/ddc/e22/242.5
http://bnb.data.bl.uk/id/concept/ddc/e22/242.5,RT,http://bnb.data.bl.uk/id/concept/ddc/e22/781.42166092
http://bnb.data.bl.uk/id/concept/ddc/e22/781.42166092,RT,http://bnb.data.bl.uk/id/concept/ddc/e22/242.5
http://bnb.data.bl.uk/id/concept/ddc/e22/242.5,RT,http://bnb.data.bl.uk/id/concept/ddc/e22/781.66092
http://bnb.data.bl.uk/id/concept/ddc/e22/781.66092,RT,http://bnb.data.bl.uk/id/concept/ddc/e22/242.5
http://bnb.data.bl.uk/id/concept/ddc/e22/242.5,RT,http://bnb.data.bl.uk/id/concept/ddc/e22/787.87166092
http://bnb.data.bl.uk/id/concept/ddc/e22/787.87166092,RT,http://bnb.data.bl.uk/id/concept/ddc/e22/242.5
http://bnb.data.bl.uk/id/concept/ddc/e22/242.5,RT,http://bnb.data.bl.uk/id/concept/ddc/e23/781.42166092
http://bnb.data.bl.uk/id/concept/ddc/e23/781.42166092,RT,http://bnb.data.bl.uk/id/concept/ddc/e22/242.5
http://bnb.data.bl.uk/id/concept/ddc/e22/242.5,RT,http://bnb.data.bl.uk/id/concept/ddc/e23/781.66092
http://bnb.data.bl.uk/id/concept/ddc/e23/781.66092,RT,http://bnb.data.bl.uk/id/concept/ddc/e22/242.5
http://bnb.data.bl.uk/id/concept/ddc/e20/133.50951,RT,http://bnb.data.bl.uk/id/concept/ddc/e21/133.59251
http://bnb.data.bl.uk/id/concept/ddc/e21/133.59251,RT,http://bnb.data.bl.uk/id/concept/ddc/e20/133.50951
http://bnb.data.bl.uk/id/concept/ddc/e20/133.50951,RT,http://bnb.data.bl.uk/id/concept/ddc/e21/916.762
http://bnb.data.bl.uk/id/concept/ddc/e21/916.762,RT,http://bnb.data.bl.uk/id/concept/ddc/e20/133.50951
http://bnb.data.bl.uk/id/concept/ddc/e20/133.50951,RT,http://bnb.data.bl.uk/id/concept/ddc/e22/916.69
http://bnb.data.bl.uk/id/concept/ddc/e22/916.69,RT,http://bnb.data.bl.uk/id/concept/ddc/e20/133.50951
http://bnb.data.bl.uk/id/concept/ddc/e20/133.50951,RT,http://bnb.data.bl.uk/id/concept/ddc/e22/916.762
http://bnb.data.bl.uk/id/concept/ddc/e22/916.762,RT,http://bnb.data.bl.uk/id/concept/ddc/e20/133.50951
http://bnb.data.bl.uk/id/concept/ddc/e20/133.50951,RT,http://bnb.data.bl.uk/id/concept/ddc/e22/966.9
http://bnb.data.bl.uk/id/concept/ddc/e22/966.9,RT,http://bnb.data.bl.uk/id/concept/ddc/e20/133.50951
http://bnb.data.bl.uk/id/concept/ddc/e20/133.50951,RT,http://bnb.data.bl.uk/id/concept/ddc/e22/967.62
http://bnb.data.bl.uk/id/concept/ddc/e22/967.62,RT,http://bnb.data.bl.uk/id/concept/ddc/e20/133.50951